{"learner":{"attributes":{"best_iteration":"0","best_score":"0.00861985911677801"},"feature_names":[],"feature_types":[],"gradient_booster":{"model":{"cats":{"enc":[],"feature_segments":[],"sorted_idx":[]},"gbtree_model_param":{"num_parallel_tree":"1","num_trees":"21"},"iteration_indptr":[0,1,2,3,4,5,6,7,8,9,10,11,12,13,14,15,16,17,18,19,20,21],"tree_info":[0,0,0,0,0,0,0,0,0,0,0,0,0,0,0,0,0,0,0,0,0],"trees":[{"base_weights":[-1.1490699E-5,2.296642E-3,-1.8175106E-4,1.5429671E-4,-3.791533E-4,1.2579711E-2,-0E0,1.7247364E-3,3.104567E-4],"categories":[],"categories_nodes":[],"categories_segments":[],"categories_sizes":[],"default_left":[0,0,0,0,0,0,0,0,0],"id":0,"left_children":[1,-1,3,5,-1,7,-1,-1,-1],"loss_changes":[6.843606E-1,0E0,2.1899046E-1,1.6084032E-1,0E0,1.3937546E-1,0E0,0E0,0E0],"parents":[2147483647,0,0,2,2,3,3,5,5],"right_children":[2,-1,4,6,-1,8,-1,-1,-1],"split_conditions":[4.8295E3,2.296642E-3,5.742E3,4.872E3,-3.791533E-4,4.081712E-1,-0E0,1.7247364E-3,3.104567E-4],"split_indices":[5,0,0,9,0,27,0,0,0],"split_type":[0,0,0,0,0,0,0,0,0],"sum_hessian":[8.8069E4,3.22E2,8.7747E4,8.3924E4,3.823E3,1.028E3,8.2896E4,2.27E2,8.01E2],"tree_param":{"num_deleted":"0","num_feature":"38","num_nodes":"9","size_leaf_vector":"1"}},{"base_weights":[8.177608E-6,2.2059213E-3,-1.4224097E-4,1.7406797E-4,-3.5898061E-4,4.5836644E-4,8.419733E-7],"categories":[],"categories_nodes":[],"categories_segments":[],"categories_sizes":[],"default_left":[0,0,0,0,0,0,0],"id":1,"left_children":[1,-1,3,5,-1,-1,-1],"loss_changes":[5.9154844E-1,0E0,1.9701128E-1,1.1840014E-1,0E0,0E0,0E0],"parents":[2147483647,0,0,2,2,3,3],"right_children":[2,-1,4,6,-1,-1,-1],"split_conditions":[4.83E3,2.2059213E-3,5.742E3,4.871E3,-3.5898061E-4,4.5836644E-4,8.419733E-7],"split_indices":[6,0,0,7,0,0,0],"split_type":[0,0,0,0,0,0,0],"sum_hessian":[8.8491E4,3.02E2,8.8189E4,8.4383E4,3.806E3,1.438E3,8.2945E4],"tree_param":{"num_deleted":"0","num_feature":"38","num_nodes":"7","size_leaf_vector":"1"}},{"base_weights":[3.5843546E-5,2.0416037E-3,-1.1882834E-4,1.6750053E-4,-3.558318E-4,1.1701999E-2,8.490304E-7,1.6097596E-3,2.7172817E-4],"categories":[],"categories_nodes":[],"categories_segments":[],"categories_sizes":[],"default_left":[0,0,0,0,0,0,0,0,0],"id":2,"left_children":[1,-1,3,5,-1,7,-1,-1,-1],"loss_changes":[5.613275E-1,0E0,1.7697339E-1,1.4554484E-1,0E0,1.3477701E-1,0E0,0E0,0E0],"parents":[2147483647,0,0,2,2,3,3,5,5],"right_children":[2,-1,4,6,-1,8,-1,-1,-1],"split_conditions":[4.8295E3,2.0416037E-3,5.759E3,4.872E3,-3.558318E-4,4.081712E-1,8.490304E-7,1.6097596E-3,2.7172817E-4],"split_indices":[5,0,2,9,0,27,0,0,0],"split_type":[0,0,0,0,0,0,0,0,0],"sum_hessian":[8.8311E4,3.35E2,8.7976E4,8.4505E4,3.471E3,1.079E3,8.3426E4,2.48E2,8.31E2],"tree_param":{"num_deleted":"0","num_feature":"38","num_nodes":"9","size_leaf_vector":"1"}},{"base_weights":[8.126552E-6,1.3461838E-3,-2.0281509E-4,3.5591947E-6,-3.1429852E-4],"categories":[],"categories_nodes":[],"categories_segments":[],"categories_sizes":[],"default_left":[0,0,0,0,0],"id":3,"left_children":[1,-1,3,-1,-1],"loss_changes":[5.037664E-1,0E0,1.4657839E-1,0E0,0E0],"parents":[2147483647,0,0,2,2],"right_children":[2,-1,4,-1,-1],"split_conditions":[4.837E3,1.3461838E-3,5.742E3,3.5591947E-6,-3.1429852E-4],"split_indices":[3,0,0,0,0],"split_type":[0,0,0,0,0],"sum_hessian":[8.8256E4,6.89E2,8.7567E4,8.3778E4,3.789E3],"tree_param":{"num_deleted":"0","num_feature":"38","num_nodes":"5","size_leaf_vector":"1"}},{"base_weights":[1.1498845E-5,1.8783913E-3,-1.21586265E-4,1.5280316E-4,-3.10311E-4,1.060867E-2,8.418618E-7,1.4975611E-3,2.3641926E-4],"categories":[],"categories_nodes":[],"categories_segments":[],"categories_sizes":[],"default_left":[0,0,0,0,0,0,0,0,0],"id":4,"left_children":[1,-1,3,5,-1,7,-1,-1,-1],"loss_changes":[4.458639E-1,0E0,1.4776292E-1,1.1881436E-1,0E0,1.1843315E-1,0E0,0E0,0E0],"parents":[2147483647,0,0,2,2,3,3,5,5],"right_children":[2,-1,4,6,-1,8,-1,-1,-1],"split_conditions":[4.8295E3,1.8783913E-3,5.749E3,4.872E3,-3.10311E-4,4.081712E-1,8.418618E-7,1.4975611E-3,2.3641926E-4],"split_indices":[5,0,2,9,0,27,0,0,0],"split_type":[0,0,0,0,0,0,0,0,0],"sum_hessian":[8.8454E4,3.14E2,8.814E4,8.4322E4,3.818E3,1.072E3,8.325E4,2.45E2,8.27E2],"tree_param":{"num_deleted":"0","num_feature":"38","num_nodes":"9","size_leaf_vector":"1"}},{"base_weights":[-5.962536E-6,1.7906459E-3,-1.3630299E-4,1.2379947E-4,-2.949439E-4,1.0035946E-2,-2.5983695E-7,1.4240905E-3,2.2819963E-4],"categories":[],"categories_nodes":[],"categories_segments":[],"categories_sizes":[],"default_left":[0,0,0,0,0,0,0,0,0],"id":5,"left_children":[1,-1,3,5,-1,7,-1,-1,-1],"loss_changes":[4.082027E-1,0E0,1.3230105E-1,1.08498774E-1,0E0,1.0658445E-1,0E0,0E0,0E0],"parents":[2147483647,0,0,2,2,3,3,5,5],"right_children":[2,-1,4,6,-1,8,-1,-1,-1],"split_conditions":[4.8295E3,1.7906459E-3,5.742E3,4.872E3,-2.949439E-4,4.081712E-1,-2.5983695E-7,1.4240905E-3,2.2819963E-4],"split_indices":[5,0,0,9,0,27,0,0,0],"split_type":[0,0,0,0,0,0,0,0,0],"sum_hessian":[8.8197E4,3.16E2,8.7881E4,8.407E4,3.811E3,1.089E3,8.2981E4,2.44E2,8.45E2],"tree_param":{"num_deleted":"0","num_feature":"38","num_nodes":"9","size_leaf_vector":"1"}},{"base_weights":[4.635432E-6,1.6820239E-3,-1.19678734E-4,6.0724583E-6,-2.971674E-4],"categories":[],"categories_nodes":[],"categories_segments":[],"categories_sizes":[],"default_left":[0,0,0,0,0],"id":6,"left_children":[1,-1,3,-1,-1],"loss_changes":[3.7244928E-1,0E0,1.2407677E-1,0E0,0E0],"parents":[2147483647,0,0,2,2],"right_children":[2,-1,4,-1,-1],"split_conditions":[4.8295E3,1.6820239E-3,5.759E3,6.0724583E-6,-2.971674E-4],"split_indices":[5,0,2,0,0],"split_type":[0,0,0,0,0],"sum_hessian":[8.8269E4,3.27E2,8.7942E4,8.443E4,3.512E3],"tree_param":{"num_deleted":"0","num_feature":"38","num_nodes":"5","size_leaf_vector":"1"}},{"base_weights":[6.0136927E-6,1.133094E-3,-1.685409E-4,2.264772E-6,-2.964753E-4],"categories":[],"categories_nodes":[],"categories_segments":[],"categories_sizes":[],"default_left":[0,0,0,0,0],"id":7,"left_children":[1,-1,3,-1,-1],"loss_changes":[3.517089E-1,0E0,1.08609386E-1,0E0,0E0],"parents":[2147483647,0,0,2,2],"right_children":[2,-1,4,-1,-1],"split_conditions":[4.837E3,1.133094E-3,5.763E3,2.264772E-6,-2.964753E-4],"split_indices":[3,0,1,0,0],"split_type":[0,0,0,0,0],"sum_hessian":[8.8364E4,6.79E2,8.7685E4,8.4531E4,3.154E3],"tree_param":{"num_deleted":"0","num_feature":"38","num_nodes":"5","size_leaf_vector":"1"}},{"base_weights":[1.5866795E-5,1.5887183E-3,-9.74465E-5,2.6892065E-5,-1.9497948E-3,-2.524583E-4,-3.54241E-4,1.643008E-3,-2.2382937E-4,1.202373E-3,5.408062E-5],"categories":[],"categories_nodes":[],"categories_segments":[],"categories_sizes":[],"default_left":[0,0,0,0,0,0,0,0,0,0,0],"id":8,"left_children":[1,-1,3,-1,5,-1,7,9,-1,-1,-1],"loss_changes":[3.2187173E-1,0E0,1.0398551E-1,0E0,1.11101024E-1,0E0,1.23181716E-1,1.2372921E-1,0E0,0E0,0E0],"parents":[2147483647,0,0,2,2,4,4,6,6,7,7],"right_children":[2,-1,4,-1,6,-1,8,10,-1,-1,-1],"split_conditions":[4.826E3,1.5887183E-3,5.322E3,2.6892065E-5,5.481E3,-2.524583E-4,5.729E3,1.826341E-3,-2.2382937E-4,1.202373E-3,5.408062E-5],"split_indices":[2,0,2,0,0,0,0,27,0,0,0],"split_type":[0,0,0,0,0,0,0,0,0,0,0],"sum_hessian":[8.856E4,3.17E2,8.8243E4,6.5668E4,2.2575E4,7.65E3,1.4925E4,1.0038E4,4.887E3,2.4E2,9.798E3],"tree_param":{"num_deleted":"0","num_feature":"38","num_nodes":"11","size_leaf_vector":"1"}},{"base_weights":[9.047102E-6,1.5251604E-3,-5.2583887E-6],"categories":[],"categories_nodes":[],"categories_segments":[],"categories_sizes":[],"default_left":[0,0,0],"id":9,"left_children":[1,-1,-1],"loss_changes":[3.108048E-1,0E0,0E0],"parents":[2147483647,0,0],"right_children":[2,-1,-1],"split_conditions":[4.8295E3,1.5251604E-3,-5.2583887E-6],"split_indices":[5,0,0],"split_type":[0,0,0],"sum_hessian":[8.8363E4,3.32E2,8.8031E4],"tree_param":{"num_deleted":"0","num_feature":"38","num_nodes":"3","size_leaf_vector":"1"}},{"base_weights":[-0E0,1.363096E-2,-1.0721258E-5,1.4550787E-3,2.4541377E-4],"categories":[],"categories_nodes":[],